JRP,NEED,INT
LOW,MOD,6
LOW,MOD,5.9
LOW,MOD,3.8
LOW,MOD,6
LOW,MOD,5.5
LOW,MOD,5.1
LOW,MOD,3.9
LOW,MOD,3.8
LOW,MOD,4.3
LOW,MOD,4
LOW,MOD,4.9
LOW,MOD,6
LOW,MOD,4.2
LOW,MOD,5
LOW,MOD,4.5
LOW,MOD,6
LOW,MOD,4.5
LOW,MOD,6
LOW,MOD,5.4
LOW,MOD,4.1
LOW,MOD,5.4
LOW,MOD,4.7
LOW,MOD,2.3
LOW,MOD,5
LOW,MOD,6
LOW,MOD,4
LOW,MOD,4
LOW,MOD,5.6
LOW,MOD,5.4
LOW,MOD,5.5
LOW,MOD,5.1
LOW,MOD,2.1
LOW,MOD,5.4
LOW,MOD,5.3
LOW,HIGH,3.4
LOW,HIGH,4.3
LOW,HIGH,5.1
LOW,HIGH,3.9
LOW,HIGH,3.8
LOW,HIGH,5.6
LOW,HIGH,5.1
LOW,HIGH,5.2
LOW,HIGH,4.1
LOW,HIGH,3
LOW,HIGH,4.1
LOW,HIGH,4.6
LOW,HIGH,4.4
LOW,HIGH,1.8
LOW,HIGH,6
LOW,HIGH,3.6
LOW,HIGH,4
LOW,HIGH,3.8
LOW,HIGH,5
LOW,HIGH,4.6
LOW,HIGH,3.3
LOW,HIGH,5.5
LOW,HIGH,4.1
LOW,HIGH,2.9
LOW,HIGH,3.9
LOW,HIGH,2.9
LOW,HIGH,3.5
LOW,HIGH,5.5
LOW,HIGH,6
LOW,HIGH,4.2
LOW,HIGH,5.4
LOW,HIGH,1.7
LOW,HIGH,3.8
LOW,HIGH,3.6
HIGH,MOD,5.4
HIGH,MOD,5.1
HIGH,MOD,2.5
HIGH,MOD,2.1
HIGH,MOD,5.7
HIGH,MOD,3.7
HIGH,MOD,4.9
HIGH,MOD,4
HIGH,MOD,4.8
HIGH,MOD,5.4
HIGH,MOD,4.1
HIGH,MOD,5.4
HIGH,MOD,6
HIGH,MOD,4.5
HIGH,MOD,3.6
HIGH,MOD,1.4
HIGH,MOD,3.8
HIGH,MOD,5.8
HIGH,MOD,4.1
HIGH,MOD,4.1
HIGH,MOD,4
HIGH,MOD,2.9
HIGH,MOD,3.9
HIGH,MOD,4.7
HIGH,MOD,4.7
HIGH,MOD,4.2
HIGH,MOD,5
HIGH,MOD,2.8
HIGH,MOD,3.5
HIGH,MOD,2.6
HIGH,MOD,4.4
HIGH,MOD,5.5
HIGH,MOD,4.7
HIGH,MOD,4.6
HIGH,HIGH,5.7
HIGH,HIGH,5.9
HIGH,HIGH,4.4
HIGH,HIGH,6
HIGH,HIGH,5.8
HIGH,HIGH,5.4
HIGH,HIGH,6
HIGH,HIGH,5.8
HIGH,HIGH,6
HIGH,HIGH,6
HIGH,HIGH,5
HIGH,HIGH,4.2
HIGH,HIGH,4.6
HIGH,HIGH,5.8
HIGH,HIGH,5.4
HIGH,HIGH,6
HIGH,HIGH,2.6
HIGH,HIGH,4.7
HIGH,HIGH,5.1
HIGH,HIGH,5.9
HIGH,HIGH,3.7
HIGH,HIGH,3.4
HIGH,HIGH,6
HIGH,HIGH,5.9
HIGH,HIGH,5.9
HIGH,HIGH,6
HIGH,HIGH,3.1
HIGH,HIGH,5.8
HIGH,HIGH,4.9
HIGH,HIGH,5.7
HIGH,HIGH,5.8
HIGH,HIGH,5.6
HIGH,HIGH,5.2
HIGH,HIGH,2.8