Current,Adaptive
14.1,13.4
14.0,14.5
15.1,15.8
14.6,17.6
14.9,13.0
14.6,15.3
15.4,14.7
15.1,13.7
13.6,13.9
14.2,12.4
15.6,13.1
15.9,13.0
16.1,12.7
13.5,12.8
15.4,16.7
17.1,14.7
15.1,15.8
14.9,15.4
14.7,10.5
15.8,14.6
17.8,9.3
13.7,13.7
15.1,20.1
14.4,14.4
14.4,15.9
13.8,12.6
15.0,10.3
16.2,13.7
18.8,15.2
12.9,16.7
14.9,17.1
14.8,13.8
16.7,13.5
16.0,9.2
15.9,12.9
14.3,13.6
15.6,13.0
15.2,14.9
15.2,13.5
16.8,11.7
14.9,14.9
15.6,15.7
14.3,9.5
17.4,14.5
13.8,14.1
14.6,14.9
16.6,15.2
16.8,9.5
13.9,11.5
15.8,17.7
