Student_ID,Training_Format,Practice_Time,Performance_Score
S01,Standard,Low,62.3
S02,Standard,Low,56.6
S03,Standard,Low,64.2
S04,Standard,Low,64.9
S05,Standard,Low,52.8
S06,Standard,Medium,62.5
S07,Standard,Medium,68.5
S08,Standard,Medium,66.7
S09,Standard,Medium,67.9
S10,Standard,Medium,64.4
S11,Standard,High,77.7
S12,Standard,High,77.3
S13,Standard,High,74.3
S14,Standard,High,78.7
S15,Standard,High,76.0
S16,Interactive,Low,61.4
S17,Interactive,Low,66.5
S18,Interactive,Low,61.0
S19,Interactive,Low,68.7
S20,Interactive,Low,64.8
S21,Interactive,Medium,71.2
S22,Interactive,Medium,69.1
S23,Interactive,Medium,77.1
S24,Interactive,Medium,71.4
S25,Interactive,Medium,70.2
S26,Interactive,High,76.5
S27,Interactive,High,80.2
S28,Interactive,High,79.5
S29,Interactive,High,79.7
S30,Interactive,High,79.8
S31,Adaptive,Low,82.0
S32,Adaptive,Low,71.3
S33,Adaptive,Low,70.5
S34,Adaptive,Low,69.6
S35,Adaptive,Low,75.6
S36,Adaptive,Medium,84.7
S37,Adaptive,Medium,79.5
S38,Adaptive,Medium,76.5
S39,Adaptive,Medium,76.5
S40,Adaptive,Medium,82.7
S41,Adaptive,High,89.1
S42,Adaptive,High,88.3
S43,Adaptive,High,83.2
S44,Adaptive,High,86.0
S45,Adaptive,High,86.5
